Category,Avg_Revenue_Per_Transaction
Baked Goods,2.70453125
Coffee-Based,2.9514730046948356
Savory Foods,4.189752195734003
Smoothies & Juices,3.360424836601307
Snacks & Energy Bites,3.1998760330578513
Tea-Based,2.3556340956340955
